side,signal,sl,exit,total_pnl,trades,win_rate,profit_factor,max_drawdown,avg_pnl,long_trades,short_trades,long_pnl,short_pnl
short,bb_squeeze_dn,atr_1.5,atr_trail_2.5,122.73,17,29.4,2.2,-76.53,7.22,0,17,0.0,122.73
short,bb_squeeze_dn,atr_2.5,atr_trail_2.5,147.3,17,35.3,2.18,-84.77,8.66,0,17,0.0,147.3
short,bb_squeeze_dn,pct_1.5,atr_trail_2.5,93.53,17,29.4,1.71,-97.79,5.5,0,17,0.0,93.53
short,bb_squeeze_dn,atr_2.0,atr_trail_2.5,92.81,17,29.4,1.7,-99.1,5.46,0,17,0.0,92.81
short,bb_squeeze_dn,atr_1.5,atr_trail_1.5,55.17,17,35.3,1.54,-76.53,3.25,0,17,0.0,55.17
short,donchian_low,atr_2.0,atr_trail_1.5,938.25,233,51.9,1.45,-271.42,4.03,0,233,0.0,938.25
short,donchian_low,atr_2.5,atr_trail_1.5,975.67,233,54.9,1.45,-371.69,4.19,0,233,0.0,975.67
short,donchian_low,atr_1.5,atr_trail_1.5,859.75,234,47.0,1.42,-290.14,3.67,0,234,0.0,859.75
short,donchian_low,atr_2.0,atr_trail_2.5,804.62,212,44.8,1.41,-449.46,3.8,0,212,0.0,804.62
short,donchian_low,atr_1.5,atr_trail_2.5,786.03,214,40.2,1.41,-444.0,3.67,0,214,0.0,786.03
short,donchian_low,atr_2.5,fixed_3atr,858.35,231,48.1,1.4,-412.45,3.72,0,231,0.0,858.35
short,donchian_low,atr_2.5,atr_trail_2.5,808.95,211,47.4,1.39,-469.7,3.83,0,211,0.0,808.95
short,donchian_low,atr_2.0,fixed_3atr,799.35,231,45.0,1.39,-335.96,3.46,0,231,0.0,799.35
short,bb_squeeze_dn,atr_2.5,atr_trail_1.5,47.41,17,41.2,1.38,-84.77,2.79,0,17,0.0,47.41
long,momentum_up,atr_1.5,fixed_3atr,137.46,54,40.7,1.36,-118.89,2.55,54,0,137.46,0.0
short,bb_squeeze_dn,atr_2.5,fixed_3atr,43.58,17,35.3,1.35,-84.77,2.56,0,17,0.0,43.58
short,donchian_low,pct_1.5,atr_trail_1.5,752.46,233,50.2,1.35,-287.37,3.23,0,233,0.0,752.46
short,donchian_low,atr_1.5,fixed_3atr,658.68,232,40.5,1.33,-323.42,2.84,0,232,0.0,658.68
short,bb_squeeze_dn,atr_1.5,ema9_trail,30.16,17,35.3,1.3,-76.53,1.77,0,17,0.0,30.16
short,bb_squeeze_dn,pct_1.5,atr_trail_1.5,39.26,17,41.2,1.3,-84.48,2.31,0,17,0.0,39.26
short,donchian_low,pct_1.5,atr_trail_2.5,640.46,216,42.1,1.3,-447.49,2.97,0,216,0.0,640.46
long,momentum_up,atr_1.5,atr_trail_2.5,110.06,54,42.6,1.29,-146.66,2.04,54,0,110.06,0.0
short,stoch_cross_dn,atr_2.5,ema9_trail,538.24,216,55.6,1.29,-430.35,2.49,0,216,0.0,538.24
short,vol_spike_dn,atr_2.0,atr_trail_1.5,707.4,276,48.6,1.29,-488.87,2.56,0,276,0.0,707.4
short,bb_squeeze_dn,atr_1.5,fixed_3atr,28.59,17,29.4,1.28,-76.53,1.68,0,17,0.0,28.59
short,donchian_low,pct_1.5,fixed_3atr,523.76,232,43.1,1.24,-317.59,2.26,0,232,0.0,523.76
long,ema_macd_up,atr_2.5,ema9_trail,137.42,68,42.6,1.24,-181.66,2.02,68,0,137.42,0.0
short,vol_spike_dn,atr_1.5,atr_trail_1.5,523.42,277,44.8,1.23,-494.43,1.89,0,277,0.0,523.42
short,donchian_low,atr_1.5,ema9_trail,417.1,205,40.5,1.23,-474.38,2.03,0,205,0.0,417.1
short,vol_spike_dn,atr_2.5,atr_trail_1.5,582.8,276,50.7,1.22,-449.99,2.11,0,276,0.0,582.8
short,donchian_low,atr_2.0,ema9_trail,401.38,202,44.6,1.22,-446.05,1.99,0,202,0.0,401.38
short,bb_squeeze_dn,pct_1.5,fixed_3atr,26.83,17,35.3,1.21,-70.34,1.58,0,17,0.0,26.83
short,vol_spike_dn,atr_1.5,atr_trail_2.5,432.06,266,38.7,1.2,-562.54,1.62,0,266,0.0,432.06
short,stoch_cross_dn,atr_2.5,atr_trail_2.5,368.83,215,39.1,1.2,-510.91,1.72,0,215,0.0,368.83
short,bb_squeeze_dn,atr_2.5,ema9_trail,24.95,17,41.2,1.2,-84.77,1.47,0,17,0.0,24.95
short,donchian_low,atr_2.5,ema9_trail,366.89,202,47.0,1.19,-483.05,1.82,0,202,0.0,366.89
short,bb_squeeze_dn,atr_2.0,atr_trail_1.5,25.24,17,35.3,1.19,-99.1,1.48,0,17,0.0,25.24
short,donchian_low,pct_1.5,ema9_trail,333.85,203,43.8,1.18,-425.98,1.64,0,203,0.0,333.85
short,vol_spike_dn,atr_2.0,atr_trail_2.5,431.49,265,41.9,1.18,-520.83,1.63,0,265,0.0,431.49
short,donchian_low,atr_2.5,fixed_2atr,381.97,239,52.7,1.17,-450.52,1.6,0,239,0.0,381.97
long,ema_macd_up,atr_2.5,atr_trail_1.5,90.46,68,51.5,1.16,-142.16,1.33,68,0,90.46,0.0
short,donchian_low,atr_2.0,fixed_2atr,356.88,239,49.8,1.16,-348.99,1.49,0,239,0.0,356.88
long,ema_macd_up,atr_2.5,fixed_3atr,92.78,68,41.2,1.16,-181.02,1.36,68,0,92.78,0.0
long,ema_macd_up,atr_2.0,ema9_trail,84.16,68,38.2,1.15,-224.53,1.24,68,0,84.16,0.0
short,donchian_low,atr_1.5,fixed_2atr,292.3,239,45.2,1.14,-311.17,1.22,0,239,0.0,292.3
long,momentum_up,atr_1.5,atr_trail_1.5,51.33,54,46.3,1.14,-130.93,0.95,54,0,51.33,0.0
short,stoch_cross_dn,pct_1.5,ema9_trail,267.87,220,51.8,1.14,-411.22,1.22,0,220,0.0,267.87
long,momentum_up,atr_2.0,fixed_3atr,67.47,54,42.6,1.14,-178.82,1.25,54,0,67.47,0.0
long,momentum_up,atr_1.5,ema9_trail,51.17,54,38.9,1.13,-187.98,0.95,54,0,51.17,0.0
short,vol_spike_dn,atr_2.5,atr_trail_2.5,311.74,265,44.2,1.12,-548.47,1.18,0,265,0.0,311.74
long,momentum_up,pct_1.5,fixed_3atr,52.54,54,42.6,1.11,-183.55,0.97,54,0,52.54,0.0
short,bb_squeeze_dn,atr_1.5,fixed_2atr,11.1,17,35.3,1.11,-76.53,0.65,0,17,0.0,11.1
short,stoch_cross_dn,atr_1.5,atr_trail_2.5,185.3,220,33.6,1.11,-400.4,0.84,0,220,0.0,185.3
short,vol_spike_dn,atr_2.0,fixed_3atr,277.03,278,42.4,1.11,-582.66,1.0,0,278,0.0,277.03
long,momentum_up,atr_2.0,atr_trail_2.5,50.44,54,44.4,1.11,-206.6,0.93,54,0,50.44,0.0
long,ema_macd_up,atr_2.0,atr_trail_1.5,61.16,68,47.1,1.11,-127.44,0.9,68,0,61.16,0.0
short,bb_squeeze_dn,atr_2.5,fixed_2atr,13.38,17,41.2,1.11,-84.77,0.79,0,17,0.0,13.38
short,bb_upper,pct_1.5,fixed_3atr,206.41,257,37.7,1.1,-290.0,0.8,0,257,0.0,206.41
short,stoch_cross_dn,atr_1.5,ema9_trail,153.06,221,47.5,1.09,-311.19,0.69,0,221,0.0,153.06
long,ema_macd_up,atr_2.0,fixed_3atr,50.49,68,36.8,1.09,-167.1,0.74,68,0,50.49,0.0
long,rsi30_vol,atr_2.0,atr_trail_2.5,49.82,39,43.6,1.09,-365.64,1.28,39,0,49.82,0.0
short,stoch_cross_dn,atr_2.5,atr_trail_1.5,169.12,216,50.5,1.09,-354.31,0.78,0,216,0.0,169.12
long,momentum_up,atr_1.5,fixed_2atr,33.59,54,42.6,1.09,-155.62,0.62,54,0,33.59,0.0
long,momentum_up,atr_2.0,ema9_trail,43.64,54,40.7,1.09,-261.27,0.81,54,0,43.64,0.0
short,bb_upper,pct_1.5,ema9_trail,157.58,257,51.0,1.08,-375.89,0.61,0,257,0.0,157.58
short,bb_upper,atr_1.5,fixed_3atr,149.68,274,33.6,1.08,-253.66,0.55,0,274,0.0,149.68
short,vol_spike_dn,atr_1.5,fixed_3atr,177.55,278,38.5,1.08,-602.18,0.64,0,278,0.0,177.55
short,bb_upper,pct_1.5,atr_trail_1.5,156.17,257,45.5,1.08,-288.38,0.61,0,257,0.0,156.17
short,stoch_cross_dn,atr_2.5,fixed_3atr,141.39,216,40.7,1.08,-375.54,0.65,0,216,0.0,141.39
short,bb_upper,pct_1.5,atr_trail_2.5,146.75,256,35.9,1.07,-383.31,0.57,0,256,0.0,146.75
short,bb_upper,atr_1.5,atr_trail_1.5,137.03,274,40.1,1.07,-265.6,0.5,0,274,0.0,137.03
long,momentum_up,pct_1.5,atr_trail_2.5,35.52,54,44.4,1.07,-211.33,0.66,54,0,35.52,0.0
short,vol_spike_dn,atr_2.5,fixed_3atr,157.77,278,44.2,1.06,-580.2,0.57,0,278,0.0,157.77
long,vol_spike_up,atr_2.0,atr_trail_2.5,107.69,215,38.6,1.06,-598.34,0.5,215,0,107.69,0.0
long,momentum_up,pct_1.5,ema9_trail,28.71,54,40.7,1.06,-272.6,0.53,54,0,28.71,0.0
short,stoch_cross_dn,pct_1.5,atr_trail_2.5,111.25,220,35.5,1.06,-604.48,0.51,0,220,0.0,111.25
short,vol_spike_dn,pct_1.5,atr_trail_1.5,176.43,276,46.7,1.06,-608.36,0.64,0,276,0.0,176.43
short,donchian_low,pct_1.5,fixed_2atr,103.0,240,47.9,1.05,-304.53,0.43,0,240,0.0,103.0
short,stoch_cross_dn,atr_1.5,atr_trail_1.5,90.81,221,43.4,1.05,-292.0,0.41,0,221,0.0,90.81
short,bb_upper,atr_2.5,atr_trail_1.5,115.95,263,46.4,1.05,-409.1,0.44,0,263,0.0,115.95
long,rsi30_vol,atr_2.5,atr_trail_2.5,26.6,39,46.2,1.05,-404.56,0.68,39,0,26.6,0.0
short,stoch_cross_dn,atr_1.5,fixed_3atr,68.41,221,35.7,1.04,-360.92,0.31,0,221,0.0,68.41
short,bb_upper,atr_2.5,fixed_3atr,80.54,263,37.6,1.04,-304.4,0.31,0,263,0.0,80.54
short,stoch_cross_dn,atr_2.5,fixed_2atr,72.78,216,47.2,1.04,-375.18,0.34,0,216,0.0,72.78
long,vol_spike_up,atr_2.0,atr_trail_1.5,70.36,220,47.7,1.04,-591.72,0.32,220,0,70.36,0.0
long,vol_spike_up,atr_2.0,fixed_3atr,77.4,218,38.1,1.04,-703.83,0.36,218,0,77.4,0.0
short,bb_upper,atr_1.5,ema9_trail,50.23,274,46.0,1.03,-322.75,0.18,0,274,0.0,50.23
short,stoch_cross_dn,atr_2.0,atr_trail_2.5,36.06,219,35.6,1.02,-586.99,0.16,0,219,0.0,36.06
short,bb_upper,atr_1.5,atr_trail_2.5,31.75,273,31.9,1.02,-394.29,0.12,0,273,0.0,31.75
short,bb_upper,atr_2.5,ema9_trail,49.89,263,51.3,1.02,-392.99,0.19,0,263,0.0,49.89
long,rsi30_vol,pct_1.5,atr_trail_2.5,9.61,39,35.9,1.02,-373.68,0.25,39,0,9.61,0.0
short,vol_spike_dn,pct_1.5,atr_trail_2.5,22.46,265,40.0,1.01,-624.81,0.08,0,265,0.0,22.46
short,vol_spike_dn,atr_2.0,fixed_2atr,26.75,278,46.8,1.01,-520.3,0.1,0,278,0.0,26.75
short,bb_upper,atr_1.5,fixed_2atr,24.34,274,38.7,1.01,-258.3,0.09,0,274,0.0,24.34
long,rsi30_vol,atr_2.0,fixed_3atr,5.95,39,46.2,1.01,-370.61,0.15,39,0,5.95,0.0
short,bb_squeeze_dn,pct_1.5,ema9_trail,0.95,17,35.3,1.01,-97.79,0.06,0,17,0.0,0.95
short,bb_upper,pct_1.5,fixed_2atr,15.5,257,43.6,1.01,-258.49,0.06,0,257,0.0,15.5
short,bb_squeeze_dn,pct_1.5,fixed_2atr,0.19,17,41.2,1.0,-79.49,0.01,0,17,0.0,0.19
long,ema_macd_up,pct_1.5,ema9_trail,-0.47,68,39.7,1.0,-193.31,-0.01,68,0,-0.47,0.0
long,stoch_cross_up,atr_2.0,fixed_3atr,-8.6,220,41.4,1.0,-693.1,-0.04,220,0,-8.6,0.0
short,bb_squeeze_dn,atr_2.0,ema9_trail,0.23,17,35.3,1.0,-99.1,0.01,0,17,0.0,0.23
short,stoch_cross_dn,atr_2.0,ema9_trail,8.58,220,50.9,1.0,-420.01,0.04,0,220,0.0,8.58
long,vol_spike_up,atr_2.5,atr_trail_2.5,-11.73,213,40.4,0.99,-641.13,-0.06,213,0,-11.73,0.0
short,vol_spike_dn,atr_1.5,fixed_2atr,-21.06,278,42.8,0.99,-554.76,-0.08,0,278,0.0,-21.06
short,bb_squeeze_dn,atr_2.0,fixed_3atr,-1.33,17,29.4,0.99,-99.1,-0.08,0,17,0.0,-1.33
short,bb_upper,atr_2.0,atr_trail_1.5,-15.38,265,42.3,0.99,-389.59,-0.06,0,265,0.0,-15.38
short,stoch_cross_dn,atr_2.0,atr_trail_1.5,-31.92,220,46.4,0.98,-332.31,-0.15,0,220,0.0,-31.92
short,bb_upper,atr_2.0,fixed_3atr,-42.8,265,35.8,0.98,-333.89,-0.16,0,265,0.0,-42.8
short,vol_spike_dn,atr_2.0,ema9_trail,-57.31,261,42.9,0.98,-521.96,-0.22,0,261,0.0,-57.31
short,bb_upper,atr_2.5,fixed_2atr,-42.27,263,44.1,0.98,-409.6,-0.16,0,263,0.0,-42.27
short,stoch_cross_dn,pct_1.5,fixed_3atr,-36.36,220,37.3,0.98,-438.45,-0.17,0,220,0.0,-36.36
long,stoch_cross_up,atr_2.0,fixed_2atr,-36.0,220,47.7,0.98,-667.55,-0.16,220,0,-36.0,0.0
long,vol_spike_up,atr_2.5,fixed_3atr,-52.47,218,39.9,0.98,-737.18,-0.24,218,0,-52.47,0.0
long,ema_macd_up,atr_2.5,fixed_2atr,-9.87,68,47.1,0.98,-137.84,-0.15,68,0,-9.87,0.0
long,vol_spike_up,pct_1.5,fixed_3atr,-56.16,220,38.6,0.97,-726.23,-0.26,220,0,-56.16,0.0
long,vol_spike_up,atr_2.5,atr_trail_1.5,-55.86,220,49.5,0.97,-618.79,-0.25,220,0,-55.86,0.0
long,vol_spike_up,atr_2.0,ema9_trail,-48.66,210,39.0,0.97,-730.5,-0.23,210,0,-48.66,0.0
short,stoch_cross_dn,atr_1.5,fixed_2atr,-65.09,221,39.8,0.96,-337.9,-0.29,0,221,0.0,-65.09
long,vol_spike_up,atr_2.0,fixed_2atr,-86.98,221,44.3,0.96,-685.29,-0.39,221,0,-86.98,0.0
short,stoch_cross_dn,pct_1.5,atr_trail_1.5,-82.44,220,47.7,0.96,-459.71,-0.37,0,220,0.0,-82.44
long,vol_spike_up,atr_1.5,fixed_3atr,-95.86,221,33.0,0.95,-796.38,-0.43,221,0,-95.86,0.0
short,vol_spike_dn,atr_1.5,ema9_trail,-97.19,263,39.5,0.95,-620.44,-0.37,0,263,0.0,-97.19
short,stoch_cross_dn,atr_2.0,fixed_3atr,-96.82,220,37.3,0.95,-378.13,-0.44,0,220,0.0,-96.82
long,rsi30_vol,atr_2.5,fixed_3atr,-30.77,39,48.7,0.95,-423.05,-0.79,39,0,-30.77,0.0
long,vol_spike_up,pct_1.5,atr_trail_2.5,-103.43,215,39.1,0.95,-678.73,-0.48,215,0,-103.43,0.0
short,vol_spike_dn,atr_2.5,fixed_2atr,-130.05,278,48.9,0.95,-561.33,-0.47,0,278,0.0,-130.05
long,ema_macd_up,atr_2.0,fixed_2atr,-25.52,68,42.6,0.95,-161.62,-0.38,68,0,-25.52,0.0
long,ema_macd_up,atr_2.5,atr_trail_2.5,-30.2,68,42.6,0.95,-175.09,-0.44,68,0,-30.2,0.0
long,momentum_up,atr_2.0,atr_trail_1.5,-29.93,54,48.1,0.94,-185.43,-0.55,54,0,-29.93,0.0
long,rsi30_vol,pct_1.5,fixed_3atr,-34.25,39,38.5,0.94,-378.65,-0.88,39,0,-34.25,0.0
long,momentum_up,atr_2.5,fixed_3atr,-32.46,54,42.6,0.94,-247.02,-0.6,54,0,-32.46,0.0
long,stoch_cross_up,atr_2.0,atr_trail_2.5,-132.92,220,41.4,0.94,-633.29,-0.6,220,0,-132.92,0.0
short,bb_upper,atr_2.0,ema9_trail,-129.33,265,48.7,0.94,-368.6,-0.49,0,265,0.0,-129.33
short,bb_upper,atr_2.0,fixed_2atr,-124.96,265,41.1,0.94,-372.98,-0.47,0,265,0.0,-124.96
long,vol_spike_up,atr_2.5,ema9_trail,-114.98,209,40.7,0.94,-718.52,-0.55,209,0,-114.98,0.0
long,vol_spike_up,atr_1.5,atr_trail_2.5,-107.64,218,33.5,0.94,-761.46,-0.49,218,0,-107.64,0.0
long,rsi30_vol,atr_2.5,atr_trail_1.5,-32.66,39,53.8,0.94,-369.39,-0.84,39,0,-32.66,0.0
long,vol_spike_up,pct_1.5,atr_trail_1.5,-145.56,221,48.0,0.93,-663.99,-0.66,221,0,-145.56,0.0
short,bb_upper,atr_2.5,atr_trail_2.5,-158.67,262,35.9,0.93,-474.84,-0.61,0,262,0.0,-158.67
short,stoch_cross_dn,atr_2.0,fixed_2atr,-141.66,220,42.7,0.93,-427.37,-0.64,0,220,0.0,-141.66
long,rsi30_vol,atr_2.0,atr_trail_1.5,-37.02,39,51.3,0.93,-348.48,-0.95,39,0,-37.02,0.0
long,momentum_up,pct_1.5,atr_trail_1.5,-40.19,54,51.9,0.92,-188.17,-0.74,54,0,-40.19,0.0
long,ema_macd_up,pct_1.5,fixed_3atr,-50.47,68,38.2,0.92,-189.74,-0.74,68,0,-50.47,0.0
long,stoch_cross_up,atr_1.5,fixed_3atr,-183.1,223,35.4,0.92,-514.0,-0.82,223,0,-183.1,0.0
short,vol_spike_dn,atr_2.5,ema9_trail,-209.84,261,44.8,0.92,-570.72,-0.8,0,261,0.0,-209.84
long,vol_spike_up,atr_1.5,atr_trail_1.5,-147.96,221,42.1,0.92,-708.92,-0.67,221,0,-147.96,0.0
long,vol_spike_up,atr_2.5,fixed_2atr,-194.26,221,46.2,0.91,-696.06,-0.88,221,0,-194.26,0.0
long,stoch_cross_up,atr_2.0,atr_trail_1.5,-206.92,220,48.6,0.91,-728.38,-0.94,220,0,-206.92,0.0
long,rsi30_vol,atr_2.5,fixed_2atr,-51.67,39,51.3,0.91,-330.06,-1.32,39,0,-51.67,0.0
long,momentum_up,atr_2.0,fixed_2atr,-43.15,54,44.4,0.91,-215.56,-0.8,54,0,-43.15,0.0
long,momentum_up,atr_2.5,atr_trail_2.5,-49.48,54,44.4,0.91,-270.52,-0.92,54,0,-49.48,0.0
long,rsi30_vol,atr_1.5,atr_trail_2.5,-52.07,39,33.3,0.91,-338.73,-1.34,39,0,-52.07,0.0
long,ema_macd_up,pct_1.5,atr_trail_1.5,-51.28,68,50.0,0.91,-143.99,-0.75,68,0,-51.28,0.0
long,stoch_cross_up,atr_2.5,fixed_3atr,-267.03,220,42.7,0.9,-742.74,-1.21,220,0,-267.03,0.0
long,rsi30_vol,atr_2.0,fixed_2atr,-56.05,39,48.7,0.9,-318.74,-1.44,39,0,-56.05,0.0
long,momentum_up,atr_2.5,ema9_trail,-56.29,54,40.7,0.9,-351.41,-1.04,54,0,-56.29,0.0
short,stoch_cross_dn,pct_1.5,fixed_2atr,-220.56,220,44.1,0.89,-577.12,-1.0,0,220,0.0,-220.56
long,stoch_cross_up,atr_2.5,fixed_2atr,-277.57,220,49.5,0.89,-702.63,-1.26,220,0,-277.57,0.0
long,stoch_cross_up,atr_1.5,fixed_2atr,-239.22,223,41.7,0.89,-503.41,-1.07,223,0,-239.22,0.0
long,momentum_up,pct_1.5,fixed_2atr,-58.08,54,44.4,0.88,-220.29,-1.08,54,0,-58.08,0.0
long,vol_spike_up,atr_1.5,ema9_trail,-223.52,214,35.0,0.88,-818.92,-1.04,214,0,-223.52,0.0
long,rsi30_vol,atr_1.5,fixed_3atr,-72.07,39,35.9,0.88,-351.98,-1.85,39,0,-72.07,0.0
long,vol_spike_up,pct_1.5,ema9_trail,-242.61,210,40.0,0.88,-743.45,-1.16,210,0,-242.61,0.0
short,vol_spike_dn,pct_1.5,fixed_3atr,-341.2,278,39.6,0.88,-771.91,-1.23,0,278,0.0,-341.2
long,vol_spike_up,atr_1.5,fixed_2atr,-245.59,221,38.5,0.87,-750.31,-1.11,221,0,-245.59,0.0
long,stoch_cross_up,atr_1.5,atr_trail_2.5,-281.06,223,35.9,0.87,-482.08,-1.26,223,0,-281.06,0.0
long,vol_spike_up,pct_1.5,fixed_2atr,-269.42,221,44.3,0.87,-705.03,-1.22,221,0,-269.42,0.0
short,bb_upper,atr_2.0,atr_trail_2.5,-283.65,264,34.1,0.87,-479.78,-1.07,0,264,0.0,-283.65
short,bb_squeeze_dn,atr_2.0,fixed_2atr,-18.83,17,35.3,0.86,-99.1,-1.11,0,17,0.0,-18.83
long,stoch_cross_up,atr_2.5,atr_trail_2.5,-391.34,220,42.7,0.85,-693.78,-1.78,220,0,-391.34,0.0
long,ema_macd_up,atr_1.5,ema9_trail,-84.85,68,33.8,0.84,-227.57,-1.25,68,0,-84.85,0.0
long,stoch_cross_up,atr_1.5,atr_trail_1.5,-354.14,223,42.6,0.84,-510.54,-1.59,223,0,-354.14,0.0
long,stoch_cross_up,pct_1.5,fixed_3atr,-392.3,220,37.3,0.84,-619.57,-1.78,220,0,-392.3,0.0
long,ema_macd_up,atr_2.0,atr_trail_2.5,-93.17,68,38.2,0.83,-167.45,-1.37,68,0,-93.17,0.0
long,ema_macd_up,pct_1.5,fixed_2atr,-103.84,68,45.6,0.83,-127.77,-1.53,68,0,-103.84,0.0
long,stoch_cross_up,atr_2.5,atr_trail_1.5,-459.2,220,50.5,0.82,-788.83,-2.09,220,0,-459.2,0.0
short,vol_spike_dn,pct_1.5,ema9_trail,-478.87,260,41.2,0.82,-754.4,-1.84,0,260,0.0,-478.87
long,rsi30_vol,pct_1.5,atr_trail_1.5,-107.95,39,43.6,0.81,-387.25,-2.77,39,0,-107.95,0.0
long,ema_macd_up,atr_1.5,fixed_3atr,-104.64,68,30.9,0.8,-211.43,-1.54,68,0,-104.64,0.0
short,vol_spike_dn,pct_1.5,fixed_2atr,-574.76,278,44.6,0.8,-823.48,-2.07,0,278,0.0,-574.76
long,stoch_cross_up,pct_1.5,fixed_2atr,-486.72,220,44.5,0.8,-688.58,-2.21,220,0,-486.72,0.0
long,rsi30_vol,atr_2.5,ema9_trail,-115.5,39,53.8,0.8,-419.54,-2.96,39,0,-115.5,0.0
long,ema_macd_up,pct_1.5,atr_trail_2.5,-124.45,68,41.2,0.79,-164.4,-1.83,68,0,-124.45,0.0
long,rsi30_vol,atr_2.0,ema9_trail,-114.32,39,51.3,0.79,-385.38,-2.93,39,0,-114.32,0.0
long,ema_macd_up,atr_1.5,atr_trail_1.5,-115.07,68,41.2,0.78,-168.18,-1.69,68,0,-115.07,0.0
long,rsi30_vol,atr_1.5,atr_trail_1.5,-127.72,39,41.0,0.78,-374.49,-3.27,39,0,-127.72,0.0
long,stoch_cross_up,pct_1.5,atr_trail_2.5,-547.55,220,37.3,0.78,-704.66,-2.49,220,0,-547.55,0.0
long,momentum_up,atr_2.5,atr_trail_1.5,-127.87,54,50.0,0.77,-241.08,-2.37,54,0,-127.87,0.0
long,stoch_cross_up,atr_2.0,ema9_trail,-515.94,220,54.1,0.77,-905.03,-2.35,220,0,-515.94,0.0
long,stoch_cross_up,pct_1.5,atr_trail_1.5,-566.26,220,45.9,0.77,-676.08,-2.57,220,0,-566.26,0.0
long,ema_macd_up,atr_1.5,fixed_2atr,-124.23,68,36.8,0.77,-163.22,-1.83,68,0,-124.23,0.0
long,momentum_up,atr_2.5,fixed_2atr,-143.08,54,44.4,0.75,-273.19,-2.65,54,0,-143.08,0.0
long,rsi30_vol,pct_1.5,fixed_2atr,-152.29,39,41.0,0.74,-382.81,-3.9,39,0,-152.29,0.0
long,stoch_cross_up,atr_2.5,ema9_trail,-729.07,220,55.9,0.71,-926.33,-3.31,220,0,-729.07,0.0
long,rsi30_vol,atr_1.5,fixed_2atr,-177.88,39,38.5,0.69,-347.86,-4.56,39,0,-177.88,0.0
long,stoch_cross_up,atr_1.5,ema9_trail,-681.7,223,47.5,0.69,-745.47,-3.06,223,0,-681.7,0.0
long,rsi30_vol,pct_1.5,ema9_trail,-190.51,39,43.6,0.67,-411.65,-4.88,39,0,-190.51,0.0
long,stoch_cross_up,pct_1.5,ema9_trail,-827.58,220,50.5,0.66,-891.35,-3.76,220,0,-827.58,0.0
long,ema_macd_up,atr_1.5,atr_trail_2.5,-217.01,68,32.4,0.59,-226.86,-3.19,68,0,-217.01,0.0
long,rsi30_vol,atr_1.5,ema9_trail,-262.68,39,41.0,0.55,-384.94,-6.74,39,0,-262.68,0.0
